folder,filename,name,price,offer,dashprice,category,gender,desc,url
caps,black_tennis_cap_1a.avif,classic Black cap,150,50%,250,newarrival,men,"Classic Black Cap - A timeless black cap designed for everyday wear, offering comfort and a sleek look.",https://res.cloudinary.com/dnva23wzq/image/upload/v1755254170/bulk_upload/caps/black_tennis_cap_1a.avif
caps,black_tennis_cap_1b.avif,classic Black cap hover,,,,hover,,,https://res.cloudinary.com/dnva23wzq/image/upload/v1755254173/bulk_upload/caps/black_tennis_cap_1b.avif
caps,bluepattern_tennis_cap_1a.avif,Blue pattern tennis cap,199,50%,299,shop,women,"Blue Pattern Tennis Cap - Lightweight tennis cap with a stylish blue pattern, perfect for sports and casual outings.",https://res.cloudinary.com/dnva23wzq/image/upload/v1755254174/bulk_upload/caps/bluepattern_tennis_cap_1a.avif
caps,bluepattern_tennis_cap_1b.avif,Blue pattern tennis cap hover,,,,hover,,,https://res.cloudinary.com/dnva23wzq/image/upload/v1755254175/bulk_upload/caps/bluepattern_tennis_cap_1b.avif
caps,cap_3a.avif,Classic Brown cap,175,17%,230,shop,men,Classic Brown Cap - Durable and versatile brown cap for a classic outdoor style.,https://res.cloudinary.com/dnva23wzq/image/upload/v1755254176/bulk_upload/caps/cap_3a.avif
caps,cap_3b.avif,Classic Brown cap hover,,,,hover,,,https://res.cloudinary.com/dnva23wzq/image/upload/v1755254177/bulk_upload/caps/cap_3b.avif
caps,design_cap_1a.avif,designed white cap,199,50%,299,shop,men,Designed White Cap - Clean and modern white cap with a premium stitched design.,https://res.cloudinary.com/dnva23wzq/image/upload/v1755254178/bulk_upload/caps/design_cap_1a.avif
caps,design_cap_1b.avif,designed white cap hover,,,,hover,,,https://res.cloudinary.com/dnva23wzq/image/upload/v1755254179/bulk_upload/caps/design_cap_1b.avif
caps,design_cap_2a.avif,designed navy blue cap,199,45%,250,shop,boy,Designed Navy Blue Cap - Navy blue cap crafted for both style and sun protection.,https://res.cloudinary.com/dnva23wzq/image/upload/v1755254180/bulk_upload/caps/design_cap_2a.avif
caps,design_cap_2b.avif,designed navy blue cap hover,,,,hover,,,https://res.cloudinary.com/dnva23wzq/image/upload/v1755254181/bulk_upload/caps/design_cap_2b.avif
caps,design_cap_3a.avif,designed dark green cap ,159,12%,201,shop,boy,Designed Dark Green Cap - Sporty green cap with breathable fabric for all-day comfort.,https://res.cloudinary.com/dnva23wzq/image/upload/v1755254182/bulk_upload/caps/design_cap_3a.avif
caps,design_cap_3b.avif,designed dark green cap hover,,,,hover,,,https://res.cloudinary.com/dnva23wzq/image/upload/v1755254183/bulk_upload/caps/design_cap_3b.avif
caps,gulf_cap_1a.avif,black gulf cap,350,9%,389,shop,men,Black Gulf Cap - Elegant black gulf-style cap suitable for golf and outdoor activities.,https://res.cloudinary.com/dnva23wzq/image/upload/v1755254184/bulk_upload/caps/gulf_cap_1a.avif
caps,gulf_cap_1b.avif,black gulf cap hover,,,,hover,,,https://res.cloudinary.com/dnva23wzq/image/upload/v1755254185/bulk_upload/caps/gulf_cap_1b.avif
caps,gulf_cap_2a.avif,gray gulf cap ,350,6%,389,shop,women,Black Gulf Cap - Elegant black gulf-style cap suitable for golf and outdoor activities.,https://res.cloudinary.com/dnva23wzq/image/upload/v1755254186/bulk_upload/caps/gulf_cap_2a.avif
caps,gulf_cap_2b.avif,gray gulf cap hover,,,,hover,,,https://res.cloudinary.com/dnva23wzq/image/upload/v1755254187/bulk_upload/caps/gulf_cap_2b.avif
caps,hat_1a.avif,light brown hat,299,23%,367,newarrival,women,Light Brown Hat - Casual light brown hat designed for travel and leisure.,https://res.cloudinary.com/dnva23wzq/image/upload/v1755254188/bulk_upload/caps/hat_1a.avif
caps,hat_1b.avif,light brown hat hover,,,,hover,,,https://res.cloudinary.com/dnva23wzq/image/upload/v1755254189/bulk_upload/caps/hat_1b.avif
caps,hat_2a.avif,navy blue hat,299,10%,350,shop,women,"Navy Blue Hat - Smart navy blue hat, ideal for trekking or daily wear.",https://res.cloudinary.com/dnva23wzq/image/upload/v1755254190/bulk_upload/caps/hat_2a.avif
caps,hat_2b.avif,navy blue hat hover,,,,hover,,,https://res.cloudinary.com/dnva23wzq/image/upload/v1755254191/bulk_upload/caps/hat_2b.avif
caps,travel_cap_1a.avif,navy blue travel cap hover,,,,hover,,,https://res.cloudinary.com/dnva23wzq/image/upload/v1755254192/bulk_upload/caps/travel_cap_1a.avif
caps,travel_cap_1b.avif,navy blue travel cap ,150,8%,201,shop,men,Navy Blue Travel Cap - Travel-ready navy blue cap with durable fabric.,https://res.cloudinary.com/dnva23wzq/image/upload/v1755254192/bulk_upload/caps/travel_cap_1b.avif
caps,trekking_cap_1a.avif,sky blue trekking cap ,175,8%,231,shop,men,"Sky Blue Trekking Cap - Adventure cap in sky blue, built for trekking and outdoor sports.",https://res.cloudinary.com/dnva23wzq/image/upload/v1755254194/bulk_upload/caps/trekking_cap_1a.avif
caps,trekking_cap_1b.avif,sky blue trekking cap hover,,,,hover,,,https://res.cloudinary.com/dnva23wzq/image/upload/v1755254195/bulk_upload/caps/trekking_cap_1b.avif
cycle,cycle_1a.avif,speed shifter cycle,9699,12%,10218,newarrival,,Speed Shifter Cycle - High-performance cycle with smooth gear shifting for speed and control.,https://res.cloudinary.com/dnva23wzq/image/upload/v1755254196/bulk_upload/cycle/cycle_1a.avif
cycle,cycle_1b.avif,speed shifter cycle hoverone,,,,hover,,,https://res.cloudinary.com/dnva23wzq/image/upload/v1755254197/bulk_upload/cycle/cycle_1b.avif
cycle,cycle_1c.avif,speed shifter cycle hovertwo,,,,hover,,,https://res.cloudinary.com/dnva23wzq/image/upload/v1755254198/bulk_upload/cycle/cycle_1c.avif
cycle,cycling_bag.avif,premimum cycle bag,450,35%,520,shop,,Premium Cycle Bag - Durable bag designed to carry essentials while cycling.,https://res.cloudinary.com/dnva23wzq/image/upload/v1755254199/bulk_upload/cycle/cycling_bag.avif
cycle,hand_scooter_1a.avif,hand scooter,3450,35%,4230,shop,,Hand Scooter - Lightweight foldable scooter for urban rides.,https://res.cloudinary.com/dnva23wzq/image/upload/v1755254200/bulk_upload/cycle/hand_scooter_1a.avif
cycle,hand_scooter_1b.avif,hand scooter hover,,,,hover,,,https://res.cloudinary.com/dnva23wzq/image/upload/v1755254201/bulk_upload/cycle/hand_scooter_1b.avif
cycle,helmat.avif,scooter helmet,799,20%,865,shop,,Scooter Helmet - Protective scooter helmet with a secure and comfortable fit.,https://res.cloudinary.com/dnva23wzq/image/upload/v1755254202/bulk_upload/cycle/helmat.avif
cycle,horse_helmet_1a.avif,hores riding helmet ,650,20%,723,shop,,Horse Riding Helmet - Sturdy helmet built for safety during horse riding.,https://res.cloudinary.com/dnva23wzq/image/upload/v1755254203/bulk_upload/cycle/horse_helmet_1a.avif
cycle,horse_helmet_1b.avif,hores riding helmet hover,,,,hover,,,https://res.cloudinary.com/dnva23wzq/image/upload/v1755254204/bulk_upload/cycle/horse_helmet_1b.avif
cycle,kids_cycling_helmet_1a.avif,kids cycling helmet red color,500,17%,588,shop,,Kids Cycling Helmet (Red Color) - Bright red kids- helmet with superior safety padding.,https://res.cloudinary.com/dnva23wzq/image/upload/v1755254204/bulk_upload/cycle/kids_cycling_helmet_1a.avif
cycle,kids_cycling_helmet_1b.avif,kids cycling helmet red color hover,,,,hover,,,https://res.cloudinary.com/dnva23wzq/image/upload/v1755254205/bulk_upload/cycle/kids_cycling_helmet_1b.avif
cycle,kids_cycling_helmet_2a.avif,kids cycling helmet yellow color ,500,7%,563,shop,,"Kids Cycling Helmet (Yellow Color) - Fun yellow kids- cycling helmet, lightweight yet protective.",https://res.cloudinary.com/dnva23wzq/image/upload/v1755254206/bulk_upload/cycle/kids_cycling_helmet_2a.avif
cycle,kids_cycling_helmet_2b.avif,kids cycling helmet yellow color hover,,,,hover,,,https://res.cloudinary.com/dnva23wzq/image/upload/v1755254207/bulk_upload/cycle/kids_cycling_helmet_2b.avif
cycle,knee+protector.avif,knee protector,360,7%,411,shop,,Knee Protector - Strong knee protector offering maximum support during sports.,https://res.cloudinary.com/dnva23wzq/image/upload/v1755254208/bulk_upload/cycle/knee%2Bprotector.avif
cycle,knee_brace_1a.avif,knee brace premimum blue,120,7%,167,shop,,Knee Brace Premium Blue - Premium blue knee brace for injury support and comfort.,https://res.cloudinary.com/dnva23wzq/image/upload/v1755254209/bulk_upload/cycle/knee_brace_1a.avif
cycle,knee_brace_1b.avif,knee brace premimum blue hover,,,,hover,,,https://res.cloudinary.com/dnva23wzq/image/upload/v1755254210/bulk_upload/cycle/knee_brace_1b.avif
cycle,knee_brace_2a.avif,knee brace premimum blcak,120,7%,167,shop,,Knee Brace Premium Black - Black knee brace with ergonomic fit for active use.,https://res.cloudinary.com/dnva23wzq/image/upload/v1755254211/bulk_upload/cycle/knee_brace_2a.avif
cycle,knee_brace_2b.avif,knee brace premimum black hover,,,,hover,,,https://res.cloudinary.com/dnva23wzq/image/upload/v1755254212/bulk_upload/cycle/knee_brace_2b.avif
cycle,knee_brace_3a.avif,knee brace premimum orange pattern,130,8%,179,shop,,Knee Brace Premium Orange Pattern - Stylish orange patterned knee brace with firm grip.,https://res.cloudinary.com/dnva23wzq/image/upload/v1755254213/bulk_upload/cycle/knee_brace_3a.avif
cycle,knee_brace_3b.avif,knee brace premimum green pattern,130,8%,179,shop,,Knee Brace Premium Green Pattern - Green patterned knee brace offering reliable knee support.,https://res.cloudinary.com/dnva23wzq/image/upload/v1755254214/bulk_upload/cycle/knee_brace_3b.avif
cycle,riding_bag_1a.avif,peacock blue riding bag with water proof,450,20%,520,newarrival,,Peacock Blue Riding Bag (Waterproof) - Stylish waterproof riding bag in peacock blue.,https://res.cloudinary.com/dnva23wzq/image/upload/v1755254215/bulk_upload/cycle/riding_bag_1a.avif
cycle,riding_bag_1b.avif,peacock blue riding bag with water proof hover,,,,hover,,,https://res.cloudinary.com/dnva23wzq/image/upload/v1755254216/bulk_upload/cycle/riding_bag_1b.avif
cycle,riding_bag_2a.avif,gray riding bag with water proof ,470,20%,540,shop,,Gray Riding Bag (Waterproof) - Waterproof gray bag designed for riders and commuters.,https://res.cloudinary.com/dnva23wzq/image/upload/v1755254217/bulk_upload/cycle/riding_bag_2a.avif
cycle,riding_bag_2b.avif,gray riding bag with water proof hover,,,,hover,,,https://res.cloudinary.com/dnva23wzq/image/upload/v1755254218/bulk_upload/cycle/riding_bag_2b.avif
cycle,riding_helmet_1a.avif,riding helmet black color,510,23%,535,shop,,Riding Helmet Black Color - Black helmet for riding safety and comfort.,https://res.cloudinary.com/dnva23wzq/image/upload/v1755254219/bulk_upload/cycle/riding_helmet_1a.avif
cycle,riding_helmet_1b.avif,riding helmet black color hover,,,,hover,,,https://res.cloudinary.com/dnva23wzq/image/upload/v1755254220/bulk_upload/cycle/riding_helmet_1b.avif
cycle,riding_helmet_2a.avif,riding helmet yellow color ,510,12%,535,shop,,Riding Helmet Yellow Color - Vibrant yellow helmet ensuring visibility and protection.,https://res.cloudinary.com/dnva23wzq/image/upload/v1755254221/bulk_upload/cycle/riding_helmet_2a.avif
cycle,riding_helmet_2b.avif,riding helmet yellow color hover,,,,hover,,,https://res.cloudinary.com/dnva23wzq/image/upload/v1755254222/bulk_upload/cycle/riding_helmet_2b.avif
cycle,skate_shoe.avif,Adult Skating Shoes urban green,799,12%,878,shop,,Adult Skating Shoes (Urban Green) - Durable skating shoes in urban green with strong grip.,https://res.cloudinary.com/dnva23wzq/image/upload/v1755254223/bulk_upload/cycle/skare_shoe_2a.avif
cycle,skates_shoe_1a.avif,Adult Skating Shoes sky blue,799,12%,878,shop,,Adult Skating Shoes (Sky Blue) - Lightweight skating shoes in sky blue for smooth skating.,https://res.cloudinary.com/dnva23wzq/image/upload/v1755254224/bulk_upload/cycle/skates_shoe_1a.avif
cycle,skates_shoe_1b.avif,Adult Skating Shoes sky blue hover,,,,hover,,,https://res.cloudinary.com/dnva23wzq/image/upload/v1755254226/bulk_upload/cycle/skates_shoe_1b.avif
cycle,skates_shoe_3.avif,Adult Skating Shoes dark navy blue,799,12%,878,shop,,Adult Skating Shoes (Dark Navy Blue) - Sleek navy blue skating shoes for performance.,https://res.cloudinary.com/dnva23wzq/image/upload/v1755254226/bulk_upload/cycle/skates_shoe_3.avif
cycle,skate_shoe_4.avif,Adult Skating Shoes black,799,12%,878,shop,,Adult Skating Shoes (Black) - Classic black skating shoes built for durability.,https://res.cloudinary.com/dnva23wzq/image/upload/v1755254227/bulk_upload/cycle/skate_shoe_4.avif
cycle,skate_shoe_hero_img.avif,skate shoe hero image,,,,banner,,,https://res.cloudinary.com/dnva23wzq/image/upload/v1755254229/bulk_upload/cycle/skate_shoe_hero_img.avif
cycle,skating_board_1a.avif,ocean pattern skatting boadr,899,17%,980,newarrival,,Ocean Pattern Skating Board - Stylish skating board with ocean-inspired design.,https://res.cloudinary.com/dnva23wzq/image/upload/v1755254230/bulk_upload/cycle/skating_board_1a.avif
cycle,skating_board_1b.avif,ocean pattern skatting boadr hover,,,,hover,,,https://res.cloudinary.com/dnva23wzq/image/upload/v1755254231/bulk_upload/cycle/skating_board_1b.avif
pants,addidas_track_pant_1a.avif,black track pant adidas,650,20%,720,shop,,Black Track Pant Adidas - Comfortable black Adidas track pants for workouts.,https://res.cloudinary.com/dnva23wzq/image/upload/v1755254232/bulk_upload/pants/addidas_track_pant_1a.avif
pants,addidas_track_pant_1b.avif,black track pant adidas hover,,,,hover,,,https://res.cloudinary.com/dnva23wzq/image/upload/v1755254233/bulk_upload/pants/addidas_track_pant_1b.avif
pants,adidas_silver_track_1a.avif,silver track pant adidas,650,20%,720,shop,,Silver Track Pant Adidas - Sleek silver Adidas track pants with a sporty fit.,https://res.cloudinary.com/dnva23wzq/image/upload/v1755254234/bulk_upload/pants/adidas_silver_track_1a.avif
pants,adidas_silver_track_1b.avif,silver track pant adidas hover,,,,hover,,,https://res.cloudinary.com/dnva23wzq/image/upload/v1755254235/bulk_upload/pants/adidas_silver_track_1b.avif
pants,cargo_trouser_1a.avif,cargo dark green trouser ,769,19%,840,shop,,Cargo Dark Green Trouser - Tough cargo trouser in dark green with multiple pockets.,https://res.cloudinary.com/dnva23wzq/image/upload/v1755254236/bulk_upload/pants/cargo_trouser_1a.avif
pants,cargo_trouser_1b.avif,cargo dark green trouser  hover,,,,hover,,,https://res.cloudinary.com/dnva23wzq/image/upload/v1755254237/bulk_upload/pants/cargo_trouser_1b.avif
pants,cotton_black_pants_1a.avif,premimum cotton black pants,559,18%,679,shop,,Premium Cotton Black Pants - Soft cotton black pants for casual and sports use.,https://res.cloudinary.com/dnva23wzq/image/upload/v1755254238/bulk_upload/pants/cotton_black_pants_1a.avif
pants,cotton_black_pants_1b.avif,premimum cotton black pants hover,,,,hover,,,https://res.cloudinary.com/dnva23wzq/image/upload/v1755254239/bulk_upload/pants/cotton_black_pants_1b.avif
pants,cotton_gray_pants_1a.avif,premimum cotton gray pants,559,18%,679,shop,,Premium Cotton Gray Pants - Breathable gray cotton pants designed for all-day wear.,https://res.cloudinary.com/dnva23wzq/image/upload/v1755254240/bulk_upload/pants/cotton_gray_pants_1a.avif
pants,cotton_gray_pants_1b.avif,premimum cotton gray pants hover,,,,hover,,,https://res.cloudinary.com/dnva23wzq/image/upload/v1755254241/bulk_upload/pants/cotton_gray_pants_1b.avif
pants,hiking_trouser_1a.avif,hiking navy blue trouser side pocket,890,19%,920,shop,,Hiking Navy Blue Trouser (Side Pocket) - Rugged navy hiking trousers with side pockets.,https://res.cloudinary.com/dnva23wzq/image/upload/v1755254242/bulk_upload/pants/hiking_trouser_1a.avif
pants,hiking_trouser_1b.avif,hiking navy blue trouser side hover,,,,hover,,,https://res.cloudinary.com/dnva23wzq/image/upload/v1755254243/bulk_upload/pants/hiking_trouser_1b.avif
pants,jogger_trackpant_1a.avif,jogger trackpants sandel,990,30%,1200,newarrival,,"Jogger Trackpants Sandel - Lightweight joggers in sandal shade, perfect for running.",https://res.cloudinary.com/dnva23wzq/image/upload/v1755254244/bulk_upload/pants/jogger_trackpant_1a.avif
pants,jogger_trackpant_1b.avif,jogger trackpants sandel hover,,,,hover,,,https://res.cloudinary.com/dnva23wzq/image/upload/v1755254245/bulk_upload/pants/jogger_trackpant_1b.avif
pants,tennis_pants_1a.avif,tennis pants black,990,30%,1200,newarrival,,Tennis Pants Black - Classic black tennis pants with flexible stretch fabric.,https://res.cloudinary.com/dnva23wzq/image/upload/v1755254246/bulk_upload/pants/tennis_pants_1a.avif
pants,tennis_pants_1b.avif,tennis pants black hover,,,,hover,,,https://res.cloudinary.com/dnva23wzq/image/upload/v1755254247/bulk_upload/pants/tennis_pants_1b.avif
pants,tennis_pants_2a.avif,tennis pants dark navy blue ,789,12%,980,shop,,Tennis Pants Dark Navy Blue - Dark navy tennis pants designed for mobility.,https://res.cloudinary.com/dnva23wzq/image/upload/v1755254248/bulk_upload/pants/tennis_pants_2a.avif
pants,tennis_pants_2b.avif,tennis pants dark navy blue hover,,,,hover,,,https://res.cloudinary.com/dnva23wzq/image/upload/v1755254249/bulk_upload/pants/tennis_pants_2b.avif
pants,trouser_pants_1a.avif,trouser pants,1100,12%,1245,shop,,Trouser Pants - Everyday trousers with a tailored fit.,https://res.cloudinary.com/dnva23wzq/image/upload/v1755254250/bulk_upload/pants/trouser_pants_1a.avif
pants,trouser_pants_1b.avif,trouser pants hover, ,,,hover,,,https://res.cloudinary.com/dnva23wzq/image/upload/v1755254251/bulk_upload/pants/trouser_pants_1b.avif
shirts,checked_shirt_1a_gray.avif,gray checked shirt,560,6%,600,shop,,Gray Checked Shirt - Stylish gray checked shirt for casual and semi-formal wear.,https://res.cloudinary.com/dnva23wzq/image/upload/v1755254252/bulk_upload/shirts/checked_shirt_1a_gray.avif
shirts,checked_shirt_1a_red.avif,red checked shirt ,560,6%,600,newarrival,,Red Checked Shirt - Classic red checked shirt with a modern fit.,https://res.cloudinary.com/dnva23wzq/image/upload/v1755254253/bulk_upload/shirts/checked_shirt_1a_red.avif
shirts,checked_shirt_1b_gray.avif,gray checked shirt hover,,,,hover,,,https://res.cloudinary.com/dnva23wzq/image/upload/v1755254254/bulk_upload/shirts/checked_shirt_1b_gray.avif
shirts,checked_shirt_1b_red.avif,red checked shirt hover,,,,hover,,,https://res.cloudinary.com/dnva23wzq/image/upload/v1755254256/bulk_upload/shirts/checked_shirt_1b_red.avif
shirts,double_packet_1a_gray.avif,double packet gray shirt,890,12%,960,shop,,"Double Pocket Gray Shirt - Gray shirt with dual pockets, rugged and practical.",https://res.cloudinary.com/dnva23wzq/image/upload/v1755254257/bulk_upload/shirts/double_packet_1a_gray.avif
shirts,double_packet_1a_kaaki.avif,double packet dark brown shirt,890,12%,960,shop,,Double Pocket Dark Brown Shirt - Dark brown shirt with double pockets for casual style.,https://res.cloudinary.com/dnva23wzq/image/upload/v1755254258/bulk_upload/shirts/double_packet_1a_kaaki.avif
shirts,double_packet_1b_gray.avif,double packet gray shirt hover,,,,hover,,,https://res.cloudinary.com/dnva23wzq/image/upload/v1755254259/bulk_upload/shirts/double_packet_1b_gray.avif
shirts,double_packet_1b_kaaki.avif,double packet dark brown shirt hover,,,,hover,,,https://res.cloudinary.com/dnva23wzq/image/upload/v1755254260/bulk_upload/shirts/double_packet_1b_kaaki.avif
shirts,shirt_1a_gray.avif,lenin cloth gray shirt,450,17%,520,shop,,Linen Cloth Gray Shirt - Comfortable linen gray shirt ideal for hot weather.,https://res.cloudinary.com/dnva23wzq/image/upload/v1755254261/bulk_upload/shirts/shirt_1a_gray.avif
shirts,shirt_1a_kaaki.avif,lenin cloth dark brown shirt ,450,17%,520,shop,,Linen Cloth Dark Brown Shirt - Breathable dark brown linen shirt for casual outings.,https://res.cloudinary.com/dnva23wzq/image/upload/v1755254262/bulk_upload/shirts/shirt_1a_kaaki.avif
shirts,shirt_1b_gray.avif,lenin cloth gray shirt hover,,,,hover,,,https://res.cloudinary.com/dnva23wzq/image/upload/v1755254263/bulk_upload/shirts/shirt_1b_gray.avif
shirts,shirt_1b_kaaki.avif,lenin cloth dark brown hover,,,,hover,,,https://res.cloudinary.com/dnva23wzq/image/upload/v1755254264/bulk_upload/shirts/shirt_1b_kaaki.avif
shoes,batminton_shoe_1a.avif,electric blue batminton shoe,1650,20%,1760,newarrival,,Electric Blue Badminton Shoe - High-grip badminton shoes in electric blue.,https://res.cloudinary.com/dnva23wzq/image/upload/v1755254265/bulk_upload/shoes/batminton_shoe_1a.avif
shoes,batminton_shoe_1b.avif,electric blue batminton shoe hover,,,,hover,,,https://res.cloudinary.com/dnva23wzq/image/upload/v1755254266/bulk_upload/shoes/batminton_shoe_1b.avif
shoes,hiking_shoe_3a.avif,dark green hiking shoe,1350,20%,1450,shop,,Dark Green Hiking Shoe - Durable hiking shoes in dark green with strong traction.,https://res.cloudinary.com/dnva23wzq/image/upload/v1755254266/bulk_upload/shoes/hiking_shoe_3a.avif
shoes,hiking_shoe_3b.avif,dark green hiking shoe hover,,,,hover,,,https://res.cloudinary.com/dnva23wzq/image/upload/v1755254267/bulk_upload/shoes/hiking_shoe_3b.avif
shoes,hiking_shoe_4a.avif,brown hiking shoe,1350,20%,1450,shop,,Brown Hiking Shoe - Comfortable and rugged brown hiking shoes for long treks.,https://res.cloudinary.com/dnva23wzq/image/upload/v1755254268/bulk_upload/shoes/hiking_shoe_4a.avif
shoes,hiking_shoe_4b.avif,brown hiking shoe hover,,,,hover,,,https://res.cloudinary.com/dnva23wzq/image/upload/v1755254269/bulk_upload/shoes/hiking_shoe_4b.avif
shoes,running_shoe_1a.avif,running shoe sliver with skyblue pattern,1999,40%,2999,shop,,Running Shoe Silver with Sky Blue Pattern - Stylish running shoes with silver-sky blue contrast.,https://res.cloudinary.com/dnva23wzq/image/upload/v1755254270/bulk_upload/shoes/running_shoe_1a.avif
shoes,running_shoe_1b.avif,running shoe sliver with skyblue pattern hover,,,,hover,,,https://res.cloudinary.com/dnva23wzq/image/upload/v1755254271/bulk_upload/shoes/running_shoe_1b.avif
shoes,shoe_1a_black.avif,casual shoe black,980,39%,1200,shop,,Casual Shoe Black - Versatile black casual shoes for daily use.,https://res.cloudinary.com/dnva23wzq/image/upload/v1755254272/bulk_upload/shoes/shoe_1a_black.avif
shoes,shoe_1a_gray.avif,casual shoe gray,1110,27%,1340,shop,,Casual Shoe Gray - Comfortable gray casual shoes with a modern look.,https://res.cloudinary.com/dnva23wzq/image/upload/v1755254273/bulk_upload/shoes/shoe_1a_gray.avif
shoes,shoe_1b_black.avif,casual shoe black hover,,,,hover,,,https://res.cloudinary.com/dnva23wzq/image/upload/v1755254274/bulk_upload/shoes/shoe_1b_black.avif
shoes,shoe_1b_gray.avif,casual shoe gray hover,,,,hover,,,https://res.cloudinary.com/dnva23wzq/image/upload/v1755254275/bulk_upload/shoes/shoe_1b_gray.avif
shoes,shoe_2a_red.avif,running shoe redwhite pattern,1450,17%,1549,shop,,Running Shoe Red White Pattern - Sporty red and white running shoes with cushioned sole.,https://res.cloudinary.com/dnva23wzq/image/upload/v1755254276/bulk_upload/shoes/shoe_2a_red.avif
shoes,shoe_2a_redblack.avif,running shoe red navy blue with green pattern,1450,17%,1549,shop,,Running Shoe Red Navy Blue with Green Pattern - Bold running shoes with multi-color pattern.,https://res.cloudinary.com/dnva23wzq/image/upload/v1755254277/bulk_upload/shoes/shoe_2a_redblack.avif
shoes,shoe_2b_red.avif,running shoe red white pattern hover,,,,hover,,,https://res.cloudinary.com/dnva23wzq/image/upload/v1755254278/bulk_upload/shoes/shoe_2b_red.avif
shoes,shoe_2b_redblack.avif,running shoe red navy blue with green pattern hover,,,,hover,,,https://res.cloudinary.com/dnva23wzq/image/upload/v1755254279/bulk_upload/shoes/shoe_2b_redblack.avif
shoes,tennis_shoe_1a.avif,black tennis shoe,1349,16%,1450,shop,,Black Tennis Shoe - Durable black tennis shoes with strong sole grip.,https://res.cloudinary.com/dnva23wzq/image/upload/v1755254280/bulk_upload/shoes/tennis_shoe_1a.avif
shoes,tennis_shoe_1b.avif,black tennis shoe hover,,,,hover,,,https://res.cloudinary.com/dnva23wzq/image/upload/v1755254281/bulk_upload/shoes/tennis_shoe_1b.avif
shoes,water_shoe_1a.avif,water proof shoe white,2120,28%,2500,newarrival,,Waterproof Shoe White - White waterproof shoes designed for all-weather wear.,https://res.cloudinary.com/dnva23wzq/image/upload/v1755254282/bulk_upload/shoes/water_shoe_1a.avif
shoes,water_shoe_1b.avif,water proof shoe white hover,,,,hover,,,https://res.cloudinary.com/dnva23wzq/image/upload/v1755254283/bulk_upload/shoes/water_shoe_1b.avif
sleeves,cyling_jersey_1a.avif,cycling jersey navy blue,430,20%,560,shop,,Cycling Jersey Navy Blue - Navy cycling jersey with breathable material.,https://res.cloudinary.com/dnva23wzq/image/upload/v1755254284/bulk_upload/sleeves/cyling_jersey_1a.avif
sleeves,cyling_jersey_1b.avif,cycling jersey navy blue hover,,,,hover,,,https://res.cloudinary.com/dnva23wzq/image/upload/v1755254285/bulk_upload/sleeves/cyling_jersey_1b.avif
sleeves,cyling_jersey_2a.avif,cycling jersey gray,430,20%,560,shop,,Cycling Jersey Gray - Stylish gray cycling jersey with quick-dry fabric.,https://res.cloudinary.com/dnva23wzq/image/upload/v1755254286/bulk_upload/sleeves/cyling_jersey_2a.avif
sleeves,cyling_jersey_2b.avif,cycling jersey gray hover,,,,hover,,,https://res.cloudinary.com/dnva23wzq/image/upload/v1755254287/bulk_upload/sleeves/cyling_jersey_2b.avif
sleeves,football_sleeves_1a.avif,white football jersey,540,14%,620,shop,,White Football Jersey - Classic white football jersey for performance.,https://res.cloudinary.com/dnva23wzq/image/upload/v1755254288/bulk_upload/sleeves/football_sleeves_1a.avif
sleeves,football_sleeves_1b.avif,white football jersey hover,,,,hover,,,https://res.cloudinary.com/dnva23wzq/image/upload/v1755254289/bulk_upload/sleeves/football_sleeves_1b.avif
sleeves,football_sleeves_2a.avif,violet football jersey,499,10%,599,shop,,Violet Football Jersey - Bold violet football jersey for training and matches.,https://res.cloudinary.com/dnva23wzq/image/upload/v1755254290/bulk_upload/sleeves/football_sleeves_2a.avif
sleeves,football_sleeves_2a_red.avif,violet football jersey hover,,,,hover,,,https://res.cloudinary.com/dnva23wzq/image/upload/v1755254291/bulk_upload/sleeves/football_sleeves_2a_red.avif
sleeves,football_sleeves_2b.avif,red football jersey,499,10%,599,shop,,Red Football Jersey - Bright red football jersey designed for comfort.,https://res.cloudinary.com/dnva23wzq/image/upload/v1755254292/bulk_upload/sleeves/football_sleeves_2b.avif
sleeves,football_sleeves_2b_red.avif,red football jersey hover,,,,hover,,,https://res.cloudinary.com/dnva23wzq/image/upload/v1755254293/bulk_upload/sleeves/football_sleeves_2b_red.avif
sleeves,india_jersey_1a.avif,indian cricket jersey,450,17%,560,shop,,Indian Cricket Jersey - Official-style cricket jersey inspired by Team India.,https://res.cloudinary.com/dnva23wzq/image/upload/v1755254294/bulk_upload/sleeves/india_jersey_1a.avif
sleeves,india_jersey_1b.avif,indian cricket jersey hover,,,,hover,,,https://res.cloudinary.com/dnva23wzq/image/upload/v1755254295/bulk_upload/sleeves/india_jersey_1b.avif
pricetag,1499rs.avif,pricetag one four nine nine,,,,,,,https://res.cloudinary.com/dnva23wzq/image/upload/v1755254297/bulk_upload/travelbag/1499rs.avif
pricetag,1999rs.avif,pricetag one nine nine nine,,,,,,,https://res.cloudinary.com/dnva23wzq/image/upload/v1755254298/bulk_upload/travelbag/1999rs.avif
pricetag,499rs.avif,pricetag four nine nine,,,,,,,https://res.cloudinary.com/dnva23wzq/image/upload/v1755254299/bulk_upload/travelbag/499rs.avif
pricetag,999rs.avif,pricetag  nine nine nine,,,,,,,https://res.cloudinary.com/dnva23wzq/image/upload/v1755254300/bulk_upload/travelbag/999rs.avif
playkit,basketball_1.avif,tarkman orange basket ball ,850,12%,970,shop,,Tarkman Orange Basketball - Durable basketball in striking orange.,https://res.cloudinary.com/dnva23wzq/image/upload/v1755254301/bulk_upload/travelbag/basketball_1.avif
playkit,basketball_2.avif,tarkman yellow basket ball ,850,12%,970,shop,,Tarkman Yellow Basketball - Yellow basketball designed for outdoor play.,https://res.cloudinary.com/dnva23wzq/image/upload/v1755254302/bulk_upload/travelbag/basketball_2.avif
playkit,batminton_package.avif,batminton package,1200,18%,1320,newarrival,,Badminton Package - Complete badminton gear set for practice and matches.,https://res.cloudinary.com/dnva23wzq/image/upload/v1755254303/bulk_upload/travelbag/batminton_package.avif
playkit,bat_1.avif,maxara bat blue cotted,1450,10%,1546,shop,,Maxara Bat Blue Coated - Cricket bat with premium blue coated finish.,https://res.cloudinary.com/dnva23wzq/image/upload/v1755254304/bulk_upload/travelbag/bat_1.avif
playkit,bat_2.avif,maxara bat ,1500,10%,1670,newarrival,,Maxara Bat - Professional quality Maxara cricket bat.,https://res.cloudinary.com/dnva23wzq/image/upload/v1755254305/bulk_upload/travelbag/bat_2.avif
playkit,bottle_1.avif,steel bottle,650,10%,780,shop,,Steel Bottle - Durable stainless steel water bottle.,https://res.cloudinary.com/dnva23wzq/image/upload/v1755254306/bulk_upload/travelbag/bottle_1.avif
playkit,camping_cup.avif,camping cup 700ml,200,10%,250,shop,,Camping Cup 700ml - Large 700ml camping cup built for outdoor adventures.,https://res.cloudinary.com/dnva23wzq/image/upload/v1755254307/bulk_upload/travelbag/camping_cup.avif
playkit,cricket_bag.avif,circket kit bag,333,10%,450,shop,,Cricket Kit Bag - Spacious cricket kit bag for gear and accessories.,https://res.cloudinary.com/dnva23wzq/image/upload/v1755254308/bulk_upload/travelbag/cricket_bag.avif
playkit,cricket_stump.avif,cricket stump,330,10%,450,shop,,Cricket Stump - High-quality cricket stump for practice and matches.,https://res.cloudinary.com/dnva23wzq/image/upload/v1755254309/bulk_upload/travelbag/cricket_stump.avif
playkit,cup.avif,steel cup,155,10%,210,shop,,Steel Cup - Compact steel cup for travel and camping.,https://res.cloudinary.com/dnva23wzq/image/upload/v1755254310/bulk_upload/travelbag/cup.avif
playkit,football_2.avif,kipsta football red and black pattern,1000,12%,1120,shop,,Kipsta Football Red and Black Pattern - Red & black patterned football by Kipsta.,https://res.cloudinary.com/dnva23wzq/image/upload/v1755254311/bulk_upload/travelbag/football_2.avif
playkit,football_3.avif,kipsta football green and black pattern,1000,12%,1120,shop,,Kipsta Football Green and Black Pattern - Green & black patterned football for outdoor play.,https://res.cloudinary.com/dnva23wzq/image/upload/v1755254312/bulk_upload/travelbag/football_3.avif
playkit,football_4.avif,kipsta football orange,1000,12%,1120,shop,,Kipsta Football Orange - Bright orange Kipsta football for durability.,https://res.cloudinary.com/dnva23wzq/image/upload/v1755254313/bulk_upload/travelbag/football_4.avif
playkit,foot_ball_1.avif,kipsta football yellow,1100,12%,1120,shop,,Kipsta Football Yellow - Vibrant yellow Kipsta football suitable for training.,https://res.cloudinary.com/dnva23wzq/image/upload/v1755254314/bulk_upload/travelbag/foot_ball_1.avif
travelbag,gym_duffel_bag_1a.avif,gym duffel bag black,1260,18%,1300,shop,,Gym Duffel Bag Black - Spacious black gym duffel bag with durable straps.,https://res.cloudinary.com/dnva23wzq/image/upload/v1755254315/bulk_upload/travelbag/gym_duffel_bag_1a.avif
travelbag,gym_duffel_bag_1b.avif,gym duffel bag black hover,,,,hover,,,https://res.cloudinary.com/dnva23wzq/image/upload/v1755254316/bulk_upload/travelbag/gym_duffel_bag_1b.avif
travelbag,gym_duffel_bag_2a.avif,gym duffel bag Pacific Blue,1260,4%,1300,shop,,Gym Duffel Bag Pacific Blue - Stylish blue duffel bag for fitness & travel.,https://res.cloudinary.com/dnva23wzq/image/upload/v1755254317/bulk_upload/travelbag/gym_duffel_bag_2a.avif
travelbag,gym_duffel_bag_2b.avif,gym duffel bag Pacific Blue black hover,,,,,,,https://res.cloudinary.com/dnva23wzq/image/upload/v1755254318/bulk_upload/travelbag/gym_duffel_bag_2b.avif
heroimg,hero_img.avif,combo offer hero img,,,,,,,https://res.cloudinary.com/dnva23wzq/image/upload/v1755254319/bulk_upload/travelbag/hero_img.avif
heroimg,hero_img2.avif,playkit heroimg,,,,,,,https://res.cloudinary.com/dnva23wzq/image/upload/v1755254320/bulk_upload/travelbag/hero_img2.avif
heroimg,hero_img3.avif,trekking heroimg,,,,,,,https://res.cloudinary.com/dnva23wzq/image/upload/v1755254321/bulk_upload/travelbag/hero_img3.avif
travelbag,hiking_bag_1a.avif,hiking bag premimum black,3450,12%,3600,shop,,Hiking Bag Premium Black - Rugged black hiking bag with multiple compartments.,https://res.cloudinary.com/dnva23wzq/image/upload/v1755254322/bulk_upload/travelbag/hiking_bag_1a.avif
travelbag,hiking_bag_1b.avif,hiking bag premimum black hover,,,,hover,,,https://res.cloudinary.com/dnva23wzq/image/upload/v1755254323/bulk_upload/travelbag/hiking_bag_1b.avif
playkit,steel_bottle_1.avif,steel flask bottle,890,12%,1000,shop,,Steel Flask Bottle - Insulated steel flask to keep drinks hot or cold.,https://res.cloudinary.com/dnva23wzq/image/upload/v1755254324/bulk_upload/travelbag/steel_bottle_1.avif
travelbag,travel_bag_1a.avif,travel bag dark brown,1250,14%,1350,shop,,Travel Bag Dark Brown - Elegant dark brown travel bag for long journeys.,https://res.cloudinary.com/dnva23wzq/image/upload/v1755254325/bulk_upload/travelbag/travel_bag_1a.avif
travelbag,travel_bag_1b.avif,travel bag dark brown hoverone,,,,hover,,,https://res.cloudinary.com/dnva23wzq/image/upload/v1755254326/bulk_upload/travelbag/travel_bag_1b.avif
travelbag,travel_bag_1c.avif,travel bag dark brown hovertwo,,,,hover,,,https://res.cloudinary.com/dnva23wzq/image/upload/v1755254327/bulk_upload/travelbag/travel_bag_1c.avif
travelbag,travel_bag_2a.avif,navy blue pattern travel bag,1205,8%,1300,shop,,Navy Blue Pattern Travel Bag - Modern navy patterned travel bag with ample space.,https://res.cloudinary.com/dnva23wzq/image/upload/v1755254328/bulk_upload/travelbag/travel_bag_2a.avif
travelbag,travel_bag_2b.avif,navy blue pattern travel bag hover,,,,hover,,,https://res.cloudinary.com/dnva23wzq/image/upload/v1755254329/bulk_upload/travelbag/travel_bag_2b.avif
travelbag,travel_bag_3a.avif,ocean blue travel bag,890,8%,1000,shop,,Ocean Blue Travel Bag - Vibrant ocean blue travel bag with sturdy zippers.,https://res.cloudinary.com/dnva23wzq/image/upload/v1755254330/bulk_upload/travelbag/travel_bag_3a.avif
travelbag,travel_bag_3b.avif,ocean blue travel bag hover,,,,hover,,,https://res.cloudinary.com/dnva23wzq/image/upload/v1755254331/bulk_upload/travelbag/travel_bag_3b.avif
travelbag,travel_bag_4a.avif,pacific blue travel bag,920,18%,1100,shop,,Pacific Blue Travel Bag - Spacious pacific blue bag ideal for trips.,https://res.cloudinary.com/dnva23wzq/image/upload/v1755254332/bulk_upload/travelbag/travel_bag_4a.avif
travelbag,travel_bag_4b.avif,pacific blue travel bag hover,,,,hover,,,https://res.cloudinary.com/dnva23wzq/image/upload/v1755254333/bulk_upload/travelbag/travel_bag_4b.avif
travelbag,travel_bag_5a.avif,premimum black travel bag,900,15%,1100,shop,,Premium Black Travel Bag - Luxury black travel bag with premium finish.,https://res.cloudinary.com/dnva23wzq/image/upload/v1755254334/bulk_upload/travelbag/travel_bag_5a.avif
travelbag,travel_bag_5b.avif,premimum black travel bag hover,,,,hover,,,https://res.cloudinary.com/dnva23wzq/image/upload/v1755254336/bulk_upload/travelbag/travel_bag_5b.avif
tshirts,shirt_1a.avif,lycra cloth navy blue t-shirt hoverone,,,,hover,,,https://res.cloudinary.com/dnva23wzq/image/upload/v1755254337/bulk_upload/tshirts/shirt_1a.avif
tshirts,shirt_1b.avif,lycra cloth navy blue t-shirt hovertwo,,,,hover,,,https://res.cloudinary.com/dnva23wzq/image/upload/v1755254338/bulk_upload/tshirts/shirt_1b.avif
tshirts,thsirt_5a_yellow.avif,palistor cotton cloth yellow t-shirt,450,8%,540,shop,,Palistor Cotton Cloth Yellow T-Shirt - Soft yellow cotton T-shirt with a premium finish.,https://res.cloudinary.com/dnva23wzq/image/upload/v1755254339/bulk_upload/tshirts/thsirt_5a_yellow.avif
tshirts,tshier_4a.avif,lycra white t-shirt,450,8%,540,shop,,Lycra White T-Shirt - Plain white lycra T-shirt for everyday comfort.,https://res.cloudinary.com/dnva23wzq/image/upload/v1755254341/bulk_upload/tshirts/tshier_4a.avif
tshirts,tshirt_1.avif,lycra cloth navy blue t-shirt,550,8%,620,shop,,Lycra Cloth Navy Blue T-Shirt - Stretchable navy blue T-shirt made with lycra fabric.,https://res.cloudinary.com/dnva23wzq/image/upload/v1755254342/bulk_upload/tshirts/tshirt_1.avif
tshirts,tshirt_2a.avif,lycra gray t-shirt,450,8%,540,shop,,Lycra Gray T-Shirt - Modern gray T-shirt crafted from breathable lycra.,https://res.cloudinary.com/dnva23wzq/image/upload/v1755254343/bulk_upload/tshirts/tshirt_2a.avif
tshirts,tshirt_2b.avif,lycra gray t-shirt hover,,,,hover,,,https://res.cloudinary.com/dnva23wzq/image/upload/v1755254344/bulk_upload/tshirts/tshirt_2b.avif
tshirts,tshirt_3a.avif,dark dray army pattern t-shirt,550,12%,620,shop,,Dark Gray Army Pattern T-Shirt - Camouflage-inspired dark gray army print T-shirt.,https://res.cloudinary.com/dnva23wzq/image/upload/v1755254345/bulk_upload/tshirts/tshirt_3a.avif
tshirts,tshirt_3b.avif,dark dray army pattern t-shirt hover,,,,hover,,,https://res.cloudinary.com/dnva23wzq/image/upload/v1755254346/bulk_upload/tshirts/tshirt_3b.avif
tshirts,tshirt_4b.avif,lycra white t-shirt hover,,,,hover,,,https://res.cloudinary.com/dnva23wzq/image/upload/v1755254347/bulk_upload/tshirts/tshirt_4b.avif
tshirts,tshirt_5a_blue.avif,palistor cotton cloth blue t-shirt ,450,9%,530,shop,,Palistor Cotton Cloth Blue T-Shirt - Premium blue cotton T-shirt for daily wear.,https://res.cloudinary.com/dnva23wzq/image/upload/v1755254348/bulk_upload/tshirts/tshirt_5a_blue.avif
tshirts,tshirt_5b_blue.avif,palistor cotton cloth blue t-shirt hover,,,,hover,,,https://res.cloudinary.com/dnva23wzq/image/upload/v1755254349/bulk_upload/tshirts/tshirt_5b_blue.avif
tshirts,tshirt_5b_tellow.avif,palistor cotton cloth yellow t-shirt hover,,,,hover,,,https://res.cloudinary.com/dnva23wzq/image/upload/v1755254350/bulk_upload/tshirts/tshirt_5b_tellow.avif
tshirts,tshirt_6a_blue.avif,premimum cotton blue t-shirt,450,12%,560,shop,,Premium Cotton Blue T-Shirt - Classic blue cotton T-shirt with a soft touch.,https://res.cloudinary.com/dnva23wzq/image/upload/v1755254351/bulk_upload/tshirts/tshirt_6a_blue.avif
tshirts,tshirt_6a_green.avif,premimum cotton green t-shirt,450,12%,560,shop,,"Premium Cotton Green T-Shirt - Fresh green cotton T-shirt, perfect for casual wear.",https://res.cloudinary.com/dnva23wzq/image/upload/v1755254352/bulk_upload/tshirts/tshirt_6a_green.avif
tshirts,tshirt_6b_blue.avif,premimum cotton blue t-shirt hover,,,,hover,,,https://res.cloudinary.com/dnva23wzq/image/upload/v1755254353/bulk_upload/tshirts/tshirt_6b_blue.avif
tshirts,tshirt_6b_green.avif,premimum cotton green t-shirt hover,,,,hover,,,https://res.cloudinary.com/dnva23wzq/image/upload/v1755254354/bulk_upload/tshirts/tshirt_6b_green.avif
tshirts,tshirt_7a_gray.avif,premimum cotton gray t-shirt ,500,8%,560,shop,,Premium Cotton Gray T-Shirt - Lightweight gray T-shirt crafted from premium cotton.,https://res.cloudinary.com/dnva23wzq/image/upload/v1755254355/bulk_upload/tshirts/tshirt_7a_gray.avif
tshirts,tshirt_7b_gray.avif,premimum cotton gray t-shirt hover,,,,hover,,,https://res.cloudinary.com/dnva23wzq/image/upload/v1755254356/bulk_upload/tshirts/tshirt_7b_gray.avif
tshirts,tshirt_8a.avif,premimum cotton white t-shirt ,549,11%,670,shop,,Premium Cotton White T-Shirt - Essential white cotton T-shirt with a classic fit.,https://res.cloudinary.com/dnva23wzq/image/upload/v1755254357/bulk_upload/tshirts/tshirt_8a.avif
tshirts,tshirt_8b.avif,premimum cotton white t-shirt hover,,,,hover,,,https://res.cloudinary.com/dnva23wzq/image/upload/v1755254358/bulk_upload/tshirts/tshirt_8b.avif
shoes_header,banner1.avif,banner1,,,,banner,,,https://res.cloudinary.com/dnva23wzq/image/upload/v1755872671/bulk_upload/shoes_header/banner1.avif
shoes_header,banner2.avif,banner2,,,,banner,,,https://res.cloudinary.com/dnva23wzq/image/upload/v1755872674/bulk_upload/shoes_header/banner2.avif
shoes_header,banner2.webp,banner3,,,,banner,,,https://res.cloudinary.com/dnva23wzq/image/upload/v1755872676/bulk_upload/shoes_header/banner2.webp
shoes_header,hiking_show.avif,hiking shoes,,,,shoe_card,,,https://res.cloudinary.com/dnva23wzq/image/upload/v1755872677/bulk_upload/shoes_header/hiking_show.avif
shoes_header,running_shoe.avif,running shoe,,,,shoe_card,,,https://res.cloudinary.com/dnva23wzq/image/upload/v1755872678/bulk_upload/shoes_header/running_shoe.avif
shoes_header,sandals.avif,sandals,,,,shoe_card,,,https://res.cloudinary.com/dnva23wzq/image/upload/v1755872679/bulk_upload/shoes_header/sandals.avif
shoes_header,treking_boots.avif,treking boots,,,,shoe_card,,,https://res.cloudinary.com/dnva23wzq/image/upload/v1755872681/bulk_upload/shoes_header/treking_boots.avif
shoes_header,water_profe.avif,water proof shoes,,,,shoe_card,,,https://res.cloudinary.com/dnva23wzq/image/upload/v1755872682/bulk_upload/shoes_header/water_profe.avif
shoes_header,walking_shoe.avif,walking shoes,,,,shoe_card,,,https://res.cloudinary.com/dnva23wzq/image/upload/v1755874663/bulk_upload/shoes_header/walking_shoe.avif
heroimg,baghero1.avif,bagbanner1,,,,bag_banner,,,https://res.cloudinary.com/dnva23wzq/image/upload/v1756625873/bulk_upload/bags_header/baghero1.avif
bags_header,baghero2.avif,banner2,,,,banner,,,https://res.cloudinary.com/dnva23wzq/image/upload/v1756625874/bulk_upload/bags_header/baghero2.avif
bags_header,baghero3.avif,banner3,,,,banner,,,https://res.cloudinary.com/dnva23wzq/image/upload/v1756625875/bulk_upload/bags_header/baghero3.avif
bags_header,baghero4.avif,banner4,,,,banner,,,https://res.cloudinary.com/dnva23wzq/image/upload/v1756625876/bulk_upload/bags_header/baghero4.avif
heroimg,baghero5.avif,bagbanner5,,,,bag_banner,,,https://res.cloudinary.com/dnva23wzq/image/upload/v1756625877/bulk_upload/bags_header/baghero5.avif
bags_header,bags_rucksucks.avif,bags & rucksucks,,,,bag_card,,,https://res.cloudinary.com/dnva23wzq/image/upload/v1756625878/bulk_upload/bags_header/bags_rucksucks.avif
bags_header,camerabag.avif,camera bags,,,,bag_card,,,https://res.cloudinary.com/dnva23wzq/image/upload/v1756625879/bulk_upload/bags_header/camerabag.avif
bags_header,drybags.avif,dry bags,,,,bag_card,,,https://res.cloudinary.com/dnva23wzq/image/upload/v1756625880/bulk_upload/bags_header/drybags.avif
bags_header,kitbag.avif,kit bags,,,,bag_card,,,https://res.cloudinary.com/dnva23wzq/image/upload/v1756625881/bulk_upload/bags_header/kitbag.avif
bags_header,NBA_bags.avif,NBA bags,,,,bag_card,,,https://res.cloudinary.com/dnva23wzq/image/upload/v1756625882/bulk_upload/bags_header/NBA_bags.avif
bags_header,outdoorbag.avif,outdoor bags,,,,bag_card,,,https://res.cloudinary.com/dnva23wzq/image/upload/v1756625883/bulk_upload/bags_header/outdoorbag.avif
bags_header,racketbags.avif,racket bags,,,,bag_card,,,https://res.cloudinary.com/dnva23wzq/image/upload/v1756625883/bulk_upload/bags_header/racketbags.avif
bags_header,racquetbag.avif,racquet bags,,,,bag_card,,,https://res.cloudinary.com/dnva23wzq/image/upload/v1756625885/bulk_upload/bags_header/racquetbag.avif
tshirts_header,tshirt_banner1.avif,banner1,,,,banner,,,https://res.cloudinary.com/dnva23wzq/image/upload/v1756715115/bulk_upload/tshirts_header/tshirt_banner1.avif
tshirts_header,tshirt_banner2.avif,banner2,,,,banner,,,https://res.cloudinary.com/dnva23wzq/image/upload/v1756715117/bulk_upload/tshirts_header/tshirt_banner2.avif
tshirts_header,tshirt_banner3.avif,banner3,,,,banner,,,https://res.cloudinary.com/dnva23wzq/image/upload/v1756715118/bulk_upload/tshirts_header/tshirt_banner3.avif
steal_deals,3_person_camping_tent.jpg,3 person camping tent,3499,23%,4999,steal_deal_shop,,"3-Person Camping Tent (23% Off) - Lightweight, waterproof, and easy to set up; perfect for family or trekking adventures.",https://res.cloudinary.com/dnva23wzq/image/upload/v1756738542/bulk_upload/steal_deals/3_person_camping_tent.jpg
steal_deals,BTWIN_kids_cycle.jpg,BTWIN kids cycle,7999,40%,11999,steal_deal_shop,,"BTWIN Kids Cycle (40% Off) - Durable, safe, and stylish cycle designed for kids to enjoy fun and active rides.",https://res.cloudinary.com/dnva23wzq/image/upload/v1756738544/bulk_upload/steal_deals/BTWIN_kids_cycle.jpg
steal_deals,camping tent.avif,3 person camping tent card,,,,steal_deal_card,,,https://res.cloudinary.com/dnva23wzq/image/upload/v1756738545/bulk_upload/steal_deals/camping%20tent.avif
steal_deals,cycle_img2.avif,BTWIN kids cycle hover,,,,steal_deal_hover,,,https://res.cloudinary.com/dnva23wzq/image/upload/v1756738546/bulk_upload/steal_deals/cycle_img2.avif
steal_deals,cycle_img3.avif,BTWIN kids cycle hover,,,,steal_deal_hover,,,https://res.cloudinary.com/dnva23wzq/image/upload/v1756738547/bulk_upload/steal_deals/cycle_img3.avif
steal_deals,cycle_img4.avif,BTWIN kids cycle hover,,,,steal_deal_hover,,,https://res.cloudinary.com/dnva23wzq/image/upload/v1756738549/bulk_upload/steal_deals/cycle_img4.avif
steal_deals,Door_lockable_pullup_bar_70cm_blackblue.jpg,Door lockable pull up bar 70cm black blue,2499,15%,3499,steal_deal_shop,,"Door Lockable Pull-Up Bar 70cm (15% Off) - Strong, adjustable bar with secure locks for safe home workouts.",https://res.cloudinary.com/dnva23wzq/image/upload/v1756738550/bulk_upload/steal_deals/Door_lockable_pullup_bar_70cm_blackblue.jpg
steal_deals,hiking jacket.avif,women water proof hiking jacket blue card,,,,steal_deal_card,,,https://res.cloudinary.com/dnva23wzq/image/upload/v1756738551/bulk_upload/steal_deals/hiking%20jacket.avif
steal_deals,jacket_img2.jpg,women water proof hiking jacket blue hover,,,,steal_deal_hover,,,https://res.cloudinary.com/dnva23wzq/image/upload/v1756738552/bulk_upload/steal_deals/jacket_img2.jpg
steal_deals,jacket_img3.jpg,women water proof hiking jacket blue hover,,,,steal_deal_hover,,,https://res.cloudinary.com/dnva23wzq/image/upload/v1756738553/bulk_upload/steal_deals/jacket_img3.jpg
steal_deals,jacket_img4.jpg,women water proof hiking jacket blue hover,,,,steal_deal_hover,,,https://res.cloudinary.com/dnva23wzq/image/upload/v1756738554/bulk_upload/steal_deals/jacket_img4.jpg
steal_deals,kids_cycle.avif,BTWIN kids cycle card,,,,steal_deal_card,,,https://res.cloudinary.com/dnva23wzq/image/upload/v1756738556/bulk_upload/steal_deals/kids_cycle.avif
steal_deals,pull-bar.avif,Door lockable pull up bar 70cm black blue card,,,,steal_deal_card,,,https://res.cloudinary.com/dnva23wzq/image/upload/v1756738557/bulk_upload/steal_deals/pull-bar.avif
steal_deals,pullbar_img2.jpg,Door lockable pull up bar 70cm black blue  hover,,,,steal_deal_hover,,,https://res.cloudinary.com/dnva23wzq/image/upload/v1756738558/bulk_upload/steal_deals/pullbar_img2.jpg
steal_deals,pullbar_img3.jpg,Door lockable pull up bar 70cm black blue  hover,,,,steal_deal_hover,,,https://res.cloudinary.com/dnva23wzq/image/upload/v1756738559/bulk_upload/steal_deals/pullbar_img3.jpg
steal_deals,pullbar_img4.jpg,Door lockable pull up bar 70cm black blue  hover,,,,steal_deal_hover,,,https://res.cloudinary.com/dnva23wzq/image/upload/v1756738561/bulk_upload/steal_deals/pullbar_img4.jpg
steal_deals,tent_img2.jpg,3 person camping tent hover,,,,steal_deal_hover,,,https://res.cloudinary.com/dnva23wzq/image/upload/v1756738562/bulk_upload/steal_deals/tent_img2.jpg
steal_deals,tent_img3.jpg,3 person camping tent hover,,,,steal_deal_hover,,,https://res.cloudinary.com/dnva23wzq/image/upload/v1756738563/bulk_upload/steal_deals/tent_img3.jpg
steal_deals,tent_img4.jpg,3 person camping tent hover,,,,steal_deal_hover,,,https://res.cloudinary.com/dnva23wzq/image/upload/v1756738565/bulk_upload/steal_deals/tent_img4.jpg
steal_deals,women_waterproof_hikingjacket.jpg,women water proof hiking jacket blue,3999,30%,5599,steal_deal_shop,,"Women's Waterproof Hiking Jacket - Blue (30% Off) - Breathable, water-repellent jacket to keep you dry and comfortable on hikes.",https://res.cloudinary.com/dnva23wzq/image/upload/v1756738566/bulk_upload/steal_deals/women_waterproof_hikingjacket.jpg
homepage,bagherohome.avif,bag hero image,,,,homehero1,,,https://res.cloudinary.com/dnva23wzq/image/upload/v1757060621/bulk_upload/homepage/bagherohome.avif
homepage,bags_budget_level_offer.avif,bag budget card 199,,,,budget sport shopping,,,https://res.cloudinary.com/dnva23wzq/image/upload/v1757060624/bulk_upload/homepage/bags_budget_level_offer.avif
homepage,baskethome_card.avif,basketball,,,,homecard1,,,https://res.cloudinary.com/dnva23wzq/image/upload/v1757060625/bulk_upload/homepage/baskethome_card.avif
homepage,budget_shoes_offer.avif,shoes budget card 999,,,,budget sport shopping,,,https://res.cloudinary.com/dnva23wzq/image/upload/v1757060626/bulk_upload/homepage/budget_shoes_offer.avif
homepage,cycleherohome.avif,cycle hero image,,,,homehero1,,,https://res.cloudinary.com/dnva23wzq/image/upload/v1757060627/bulk_upload/homepage/cycleherohome.avif
homepage,football_home_card.avif,football,,,,homecard1,,,https://res.cloudinary.com/dnva23wzq/image/upload/v1757060629/bulk_upload/homepage/football_home_card.avif
homepage,menshero1.avif,menshero1,,,,homehero2,,,https://res.cloudinary.com/dnva23wzq/image/upload/v1757060630/bulk_upload/homepage/menshero1.avif
homepage,menshero2.avif,menshero2,,,,homehero2,,,https://res.cloudinary.com/dnva23wzq/image/upload/v1757060634/bulk_upload/homepage/menshero2.avif
homepage,menshero3.avif,menshero3,,,,homehero2,,,https://res.cloudinary.com/dnva23wzq/image/upload/v1757060636/bulk_upload/homepage/menshero3.avif
homepage,nature_watching_card.avif,nature,,,,homecard1,,,https://res.cloudinary.com/dnva23wzq/image/upload/v1757060637/bulk_upload/homepage/nature_watching_card.avif
homepage,outdoorherohome.avif,outdoor hero image,,,,homehero1,,,https://res.cloudinary.com/dnva23wzq/image/upload/v1757060639/bulk_upload/homepage/outdoorherohome.avif
homepage,outdoor_buget_offer.avif,outdoor budget card 399,,,,budget sport shopping,,,https://res.cloudinary.com/dnva23wzq/image/upload/v1757060640/bulk_upload/homepage/outdoor_buget_offer.avif
homepage,pantsherohome.avif,pants hero image,,,,homehero1,,,https://res.cloudinary.com/dnva23wzq/image/upload/v1757060641/bulk_upload/homepage/pantsherohome.avif
homepage,pants_budget_offer.avif,pants budget card 799,,,,budget sport shopping,,,https://res.cloudinary.com/dnva23wzq/image/upload/v1757060643/bulk_upload/homepage/pants_budget_offer.avif
homepage,running_home.avif,running,,,,homecard1,,,https://res.cloudinary.com/dnva23wzq/image/upload/v1757060644/bulk_upload/homepage/running_home.avif
homepage,skating_home_card.avif,skating ,,,,homecard1,,,https://res.cloudinary.com/dnva23wzq/image/upload/v1757060645/bulk_upload/homepage/skating_home_card.avif
homepage,sunglassherohome.avif,sunglass hero image,,,,homehero1,,,https://res.cloudinary.com/dnva23wzq/image/upload/v1757060646/bulk_upload/homepage/sunglassherohome.avif
homepage,swimming_home_card.avif,swimmimg,,,,homecard1,,,https://res.cloudinary.com/dnva23wzq/image/upload/v1757060648/bulk_upload/homepage/swimming_home_card.avif
homepage,tennis_home_card.avif,tennis,,,,homecard1,,,https://res.cloudinary.com/dnva23wzq/image/upload/v1757060649/bulk_upload/homepage/tennis_home_card.avif
homepage,tshirthero1.avif,menshero4,,,,homehero2,,,https://res.cloudinary.com/dnva23wzq/image/upload/v1757060650/bulk_upload/homepage/tshirthero1.avif
homepage,tshirtherohome.avif,tshirt hero image,,,,homehero1,,,https://res.cloudinary.com/dnva23wzq/image/upload/v1757060651/bulk_upload/homepage/tshirtherohome.avif
brandlogo,adidas.png,,,,,,,,https://res.cloudinary.com/dnva23wzq/image/upload/v1757142844/bulk_upload/brandlogo/adidas.png
brandlogo,fitflop.jpeg,,,,,,,,https://res.cloudinary.com/dnva23wzq/image/upload/v1757142847/bulk_upload/brandlogo/fitflop.jpg
brandlogo,nike.jpg,,,,,,,,https://res.cloudinary.com/dnva23wzq/image/upload/v1757142848/bulk_upload/brandlogo/nike.jpg
brandlogo,puma.png,,,,,,,,https://res.cloudinary.com/dnva23wzq/image/upload/v1757142849/bulk_upload/brandlogo/puma.png
brandlogo,reebok.png,,,,,,,,https://res.cloudinary.com/dnva23wzq/image/upload/v1757142850/bulk_upload/brandlogo/reebok.png
brandlogo,ripcurl.png,,,,,,,,https://res.cloudinary.com/dnva23wzq/image/upload/v1757142851/bulk_upload/brandlogo/ripcurl.png
brandlogo,Speedo.webp,,,,,,,,https://res.cloudinary.com/dnva23wzq/image/upload/v1757142852/bulk_upload/brandlogo/Speedo.webp
brandlogo,yonex.png,,,,,,,,https://res.cloudinary.com/dnva23wzq/image/upload/v1757142853/bulk_upload/brandlogo/yonex.png
